delphi_id,proceso_id,orden_proceso,orden_en_proceso,momento_clinico,bloque_del_proceso,categoria_de_recomendacion,recomendacion,enunciado_votable_delphi,que_recomiendan_guias_mayor_60,n_guias_mayor_60,n_guias_bloque_mayor_60,guias_mayor_60,consenso_mayor_60,clase_consenso_mayor_60,consenso_global,contexto_guias_50_60,senal_comparativa_global,prioridad_revision,prioridad_delphi,decision_preliminar,dominios_de_votacion,nota_para_panel
D01,P01,1,1,"Primer contacto, emergencia, hospitalizacion o derivacion urgente",Ingreso y contencion inicial,"Assessment, risk and shared decision-making","Risk assessment: suicide, aggression and immediate safety","El protocolo HVLH debe exigir valoracion estructurada de suicidio, autoagresion, agresion, violencia y seguridad inmediata al ingreso o ante cualquier cambio clinico relevante.","Evaluar suicidio, autoagresion, agresion, violencia y seguridad inmediata en la valoracion; activar rutas de crisis o guias de autolesion cuando haya riesgo.",1,2,APA 2020,Moderado: 1/2 guias (50%); alineado/escaso; dominante: evalua/monitoriza (1); evalua/monitoriza=1,Consenso nuclear parcial (1/2),Escaso: 4/19 guias (21%); alineado/escaso; dominante: recomienda (2); recomienda=2; evalua/monitoriza=2,Escaso: 1/6 guias (17%); alineado/escaso; 1/6: Canada Dx 2017,mostly aligned or sparse,low,Media,Incluir para deliberacion Delphi,acuerdo clinico; factibilidad HVLH/EsSalud; prioridad para protocolo; claridad del enunciado,"Usar guias 50-60% y <50% solo como contexto, no como peso equivalente al nucleo >60%."
D02,P01,1,3,"Primer contacto, emergencia, hospitalizacion o derivacion urgente",Ingreso y contencion inicial,Early psychosis and acute care,At-risk mental state and prevention of psychosis,"El protocolo HVLH debe diferenciar estados de alto riesgo de psicosis de episodios psicoticos establecidos, priorizando evaluacion especializada, apoyo psicosocial y evitando antipsicoticos de rutina cuando no exista psicosis franca.",Usar evaluacion especializada y herramientas de tamizaje para riesgo de transicion; ofrecer apoyo psicologico/familiar y seguimiento temprano; no usar antipsicoticos de rutina solo por estado de alto riesgo.,1,2,VA/DoD 2024,Moderado: 1/2 guias (50%); discordante; dominante: considera/sugiere (2); considera/sugiere=2,Consenso nuclear parcial (1/2),Escaso: 3/19 guias (16%); discordante; dominante: considera/sugiere (2); recomienda=1; considera/sugiere=2; en contra/no hacer=1,Ausente: 0/6 guias (0%); discordante; sin recomendaciones; 0/6: ninguna,mixed/discordant,high,Alta por deliberacion,Incluir para deliberacion Delphi,acuerdo clinico; factibilidad HVLH/EsSalud; prioridad para protocolo; claridad del enunciado,"Usar guias 50-60% y <50% solo como contexto, no como peso equivalente al nucleo >60%."
D03,P02,2,1,Primeras horas/dias tras ingreso o evaluacion especializada,Evaluacion diagnostica y formulacion inicial,"Assessment, risk and shared decision-making","Diagnostic assessment, baseline workup and care planning","El protocolo HVLH debe incluir una evaluacion diagnostica inicial con historia clinica, examen mental, diagnostico diferencial, baseline fisico/metabolico, revision de farmacos y plan de cuidados.","Realizar evaluacion psiquiatrica especializada, examen mental, diagnostico diferencial, riesgo, plan de cuidados, historia de tratamientos y estudios basales fisicos/laboratoriales o neurologicos cuando esten indicados.",2,2,APA 2020; VA/DoD 2024,Alto: 2/2 guias (100%); discordante; dominante: recomienda (4); recomienda=4; considera/sugiere=3; en contra/no hacer=1; evalua/monitoriza=2,Consenso nuclear completo (2/2),Bajo: 7/19 guias (37%); discordante; dominante: evalua/monitoriza (13); recomienda=6; ofrece=1; considera/sugiere=4; en contra/no hacer=1; evalua/monitoriza=13,Bajo: 2/6 guias (33%); discordante; 2/6: Canada Dx 2017; WHO mhGAP 2024,mixed/discordant,high,Alta,Incluir como enunciado nuclear,acuerdo clinico; factibilidad HVLH/EsSalud; prioridad para protocolo; claridad del enunciado,"Usar guias 50-60% y <50% solo como contexto, no como peso equivalente al nucleo >60%."
D04,P02,2,2,Primeras horas/dias tras ingreso o evaluacion especializada,Evaluacion diagnostica y formulacion inicial,Early psychosis and acute care,First episode psychosis and early intervention,"El protocolo HVLH debe identificar primer episodio psicotico y activar una ruta de intervencion temprana con tratamiento farmacologico individualizado, psicoeducacion, familia y continuidad post-alta.","Evaluar rapidamente el primer episodio, derivar a servicios de intervencion temprana, ofrecer antipsicotico oral mas intervenciones psicosociales/familiares y realizar estudio clinico-basico segun indicacion.",1,2,VA/DoD 2024,Moderado: 1/2 guias (50%); alineado/escaso; dominante: recomienda (1); recomienda=1,Consenso nuclear parcial (1/2),Moderado: 10/19 guias (53%); alineado/escaso; dominante: recomienda (11); recomienda=11; ofrece=2; considera/sugiere=6; evalua/monitoriza=2,Moderado: 4/6 guias (67%); alineado/escaso; 4/6: Canada Farmaco 2017; Canada Dx 2017; RANZCP 2016; WHO mhGAP 2024,broad recurrent theme,medium,Media,Incluir para deliberacion Delphi,acuerdo clinico; factibilidad HVLH/EsSalud; prioridad para protocolo; claridad del enunciado,"Usar guias 50-60% y <50% solo como contexto, no como peso equivalente al nucleo >60%."
D05,P02,2,4,Primeras horas/dias tras ingreso o evaluacion especializada,Evaluacion diagnostica y formulacion inicial,"Assessment, risk and shared decision-making",Shared decision-making and patient preferences,"El protocolo HVLH debe documentar preferencias, experiencia previa, valores del paciente y decision compartida siempre que el estado clinico lo permita.","Tomar decisiones con la persona y, si consiente, cuidadores; discutir beneficios, efectos adversos y preferencias; acordar planes de medicacion, transicion y objetivos de tratamiento.",1,2,VA/DoD 2024,Moderado: 1/2 guias (50%); alineado/escaso; dominante: recomienda (1); recomienda=1; evalua/monitoriza=1,Consenso nuclear parcial (1/2),Escaso: 4/19 guias (21%); alineado/escaso; dominante: recomienda (3); recomienda=3; ofrece=1; considera/sugiere=2; evalua/monitoriza=1,Bajo: 2/6 guias (33%); alineado/escaso; 2/6: Canada Psicosocial 2017; Canada Dx 2017,mostly aligned or sparse,low,Media,Incluir para deliberacion Delphi,acuerdo clinico; factibilidad HVLH/EsSalud; prioridad para protocolo; claridad del enunciado,"Usar guias 50-60% y <50% solo como contexto, no como peso equivalente al nucleo >60%."
D06,P03,3,2,"Fase aguda temprana, una vez definidos seguridad, diagnostico probable y preferencias",Inicio del tratamiento antipsicotico,Antipsychotic strategy across illness phases,Antipsychotic choice and comparative selection,"El protocolo HVLH debe seleccionar antipsicotico segun respuesta previa, perfil de efectos adversos, comorbilidades, interacciones, disponibilidad local y preferencias del paciente.","Seleccionar el antipsicotico mediante decision compartida, considerando respuesta previa, efectos adversos, preferencias, comorbilidades, interacciones, embarazo/reproduccion y necesidad de cambio por no respuesta o intolerancia.",1,2,VA/DoD 2024,Moderado: 1/2 guias (50%); discordante; dominante: recomienda (3); recomienda=3; en contra/no hacer=1,Consenso nuclear parcial (1/2),Bajo: 8/19 guias (42%); discordante; dominante: recomienda (12); recomienda=12; ofrece=2; considera/sugiere=3; en contra/no hacer=1; evalua/monitoriza=1,Moderado: 3/6 guias (50%); discordante; 3/6: Canada Farmaco 2017; RANZCP 2016; WHO mhGAP 2024,mixed/discordant,high,Alta por deliberacion,Incluir para deliberacion Delphi,acuerdo clinico; factibilidad HVLH/EsSalud; prioridad para protocolo; claridad del enunciado,"Usar guias 50-60% y <50% solo como contexto, no como peso equivalente al nucleo >60%."
D07,P03,3,3,"Fase aguda temprana, una vez definidos seguridad, diagnostico probable y preferencias",Inicio del tratamiento antipsicotico,Antipsychotic strategy across illness phases,"Dose, titration and adequate trial duration","El protocolo HVLH debe tratar cada antipsicotico como ensayo terapeutico documentado, con dosis, titulacion, duracion adecuada, revision de PRN y justificacion de dosis altas o escalamiento rapido.","Tratar cada antipsicotico como ensayo terapeutico explicito: iniciar y titular segun tolerancia, usar dosis y duracion adecuadas, revisar PRN y evitar escalamiento rapido o dosis altas sin justificacion.",2,2,APA 2020; VA/DoD 2024,Alto: 2/2 guias (100%); discordante; dominante: considera/sugiere (8); recomienda=1; considera/sugiere=8; en contra/no hacer=1,Consenso nuclear completo (2/2),Moderado: 11/19 guias (58%); discordante; dominante: considera/sugiere (13); recomienda=5; ofrece=2; considera/sugiere=13; en contra/no hacer=4; evalua/monitoriza=4,Moderado: 4/6 guias (67%); discordante; 4/6: Canada Farmaco 2017; RANZCP GRADE 2026; RANZCP 2016; WHO mhGAP 2024,mixed/discordant,high,Alta,Incluir como enunciado nuclear,acuerdo clinico; factibilidad HVLH/EsSalud; prioridad para protocolo; claridad del enunciado,"Usar guias 50-60% y <50% solo como contexto, no como peso equivalente al nucleo >60%."
D08,P03,3,4,"Fase aguda temprana, una vez definidos seguridad, diagnostico probable y preferencias",Inicio del tratamiento antipsicotico,"Safety, adverse effects and physical health",Antipsychotic adverse-effect management,"El protocolo HVLH debe monitorizar y manejar de forma proactiva efectos adversos neurologicos, metabolicos, cardiovasculares, endocrinos y subjetivos asociados a antipsicoticos.","Elegir, ajustar o cambiar antipsicotico segun efectos adversos y tolerabilidad; monitorizar y tratar EPS, acatisia, discinesia tardia, prolactina, sedacion, estrenimiento, QTc y riesgos renales/cardiometabolicos.",2,2,APA 2020; VA/DoD 2024,Alto: 2/2 guias (100%); discordante; dominante: recomienda (7); recomienda=7; considera/sugiere=2; en contra/no hacer=1,Consenso nuclear completo (2/2),Bajo: 7/19 guias (37%); discordante; dominante: recomienda (11); recomienda=11; considera/sugiere=7; en contra/no hacer=1,Escaso: 1/6 guias (17%); discordante; 1/6: RANZCP GRADE 2026,mixed/discordant,high,Alta,Incluir como enunciado nuclear,acuerdo clinico; factibilidad HVLH/EsSalud; prioridad para protocolo; claridad del enunciado,"Usar guias 50-60% y <50% solo como contexto, no como peso equivalente al nucleo >60%."
D09,P04,4,1,Durante fase aguda y estabilizacion inicial,"Monitoreo fisico, efectos adversos y adherencia","Safety, adverse effects and physical health","Physical, metabolic and cardiovascular monitoring","El protocolo HVLH debe exigir monitoreo basal y longitudinal de peso, IMC, perimetro abdominal, presion arterial, glicemia, lipidos y riesgos cardiovasculares durante hospitalizacion y transicion al alta.","Medir y seguir peso, IMC, presion, glucosa, lipidos, salud cardiovascular y ECG cuando corresponda; definir responsable entre salud mental y primaria; intervenir ante aumento de peso o anormalidades metabolicas.",2,2,APA 2020; VA/DoD 2024,Alto: 2/2 guias (100%); discordante; dominante: considera/sugiere (5); recomienda=1; considera/sugiere=5; en contra/no hacer=1; evalua/monitoriza=4,Consenso nuclear completo (2/2),Bajo: 8/19 guias (42%); discordante; dominante: considera/sugiere (11); recomienda=3; ofrece=2; considera/sugiere=11; en contra/no hacer=1; evalua/monitoriza=9,Bajo: 2/6 guias (33%); discordante; 2/6: Canada Dx 2017; RANZCP GRADE 2026,mixed/discordant,high,Alta,Incluir como enunciado nuclear,acuerdo clinico; factibilidad HVLH/EsSalud; prioridad para protocolo; claridad del enunciado,"Usar guias 50-60% y <50% solo como contexto, no como peso equivalente al nucleo >60%."
D10,P04,4,2,Durante fase aguda y estabilizacion inicial,"Monitoreo fisico, efectos adversos y adherencia","Safety, adverse effects and physical health","Weight management, lifestyle and metformin",El protocolo HVLH debe ofrecer intervenciones de estilo de vida para ganancia ponderal asociada a antipsicoticos y considerar metformina cuando el riesgo/metabolismo lo justifique.,"Ofrecer dieta saludable y actividad fisica; intervenir ante aumento de peso o alteraciones metabolicas; considerar metformina, cambio de antipsicotico u otras medidas cardiometabolicas segun riesgo.",2,2,APA 2020; VA/DoD 2024,Alto: 2/2 guias (100%); discordante; dominante: considera/sugiere (1); considera/sugiere=1; evalua/monitoriza=1,Consenso nuclear completo (2/2),Bajo: 7/19 guias (37%); discordante; dominante: ofrece (5); ofrece=5; considera/sugiere=4; en contra/no hacer=1; evalua/monitoriza=2,Bajo: 2/6 guias (33%); discordante; 2/6: RANZCP GRADE 2026; RANZCP 2016,mixed/discordant,high,Alta,Incluir como enunciado nuclear,acuerdo clinico; factibilidad HVLH/EsSalud; prioridad para protocolo; claridad del enunciado,"Usar guias 50-60% y <50% solo como contexto, no como peso equivalente al nucleo >60%."
D11,P04,4,3,Durante fase aguda y estabilizacion inicial,"Monitoreo fisico, efectos adversos y adherencia","Safety, adverse effects and physical health",Smoking cessation and tobacco,"El protocolo HVLH debe evaluar tabaquismo, ofrecer apoyo para cesacion y considerar interacciones clinicas relevantes entre tabaco, hospitalizacion y metabolismo de antipsicoticos.","Evaluar tabaco y ofrecer apoyo personalizado para dejar o reducir consumo, incluyendo intervenciones conductuales, NRT u otros farmacos cuando correspondan; considerar interacciones con metabolismo de antipsicoticos.",2,2,APA 2020; VA/DoD 2024,Alto: 2/2 guias (100%); discordante; dominante: recomienda (2); recomienda=2; considera/sugiere=1,Consenso nuclear completo (2/2),Bajo: 6/19 guias (32%); discordante; dominante: recomienda (2); recomienda=2; ofrece=2; considera/sugiere=2; en contra/no hacer=1; evalua/monitoriza=2,Escaso: 1/6 guias (17%); discordante; 1/6: Canada Dx 2017,mixed/discordant,high,Alta,Incluir como enunciado nuclear,acuerdo clinico; factibilidad HVLH/EsSalud; prioridad para protocolo; claridad del enunciado,"Usar guias 50-60% y <50% solo como contexto, no como peso equivalente al nucleo >60%."
D12,P04,4,4,Durante fase aguda y estabilizacion inicial,"Monitoreo fisico, efectos adversos y adherencia",Antipsychotic strategy across illness phases,LAI/depot antipsychotics and adherence,"El protocolo HVLH debe evaluar adherencia y preferencia, y ofrecer o considerar antipsicoticos de larga accion cuando exista preferencia, recaida por no adherencia, dificultad con via oral o necesidad de continuidad.","Evaluar adherencia y preferencia; ofrecer/considerar LAI/depot si el paciente lo prefiere, hay recaidas por no adherencia, dificultad para tratamiento oral o necesidad de continuidad; algunas guias los proponen temprano.",2,2,APA 2020; VA/DoD 2024,Alto: 2/2 guias (100%); discordante; dominante: evalua/monitoriza (4); considera/sugiere=2; evalua/monitoriza=4,Consenso nuclear completo (2/2),Moderado: 13/19 guias (68%); discordante; dominante: considera/sugiere (13); recomienda=4; ofrece=6; considera/sugiere=13; en contra/no hacer=5; evalua/monitoriza=7,Alto: 5/6 guias (83%); discordante; 5/6: Canada Farmaco 2017; Canada Dx 2017; RANZCP GRADE 2026; RANZCP 2016; WHO mhGAP 2024,mixed/discordant,high,Alta,Incluir como enunciado nuclear,acuerdo clinico; factibilidad HVLH/EsSalud; prioridad para protocolo; claridad del enunciado,"Usar guias 50-60% y <50% solo como contexto, no como peso equivalente al nucleo >60%."
D13,P05,5,1,Desde fase aguda cuando sea viable y durante estabilizacion,Intervenciones psicosociales tempranas,Psychosocial and recovery interventions,CBTp and psychological therapies,"El protocolo HVLH debe considerar terapia cognitivo-conductual para psicosis u otras intervenciones psicologicas estructuradas cuando el paciente pueda participar, especialmente ante sintomas persistentes.","Ofrecer o considerar CBTp/manualizada para psicosis, en fase aguda o posterior, especialmente si hay sintomas persistentes; la psicoterapia de apoyo no debe reemplazar intervenciones psicologicas con mayor soporte cuando estas estan disponibles.",2,2,APA 2020; VA/DoD 2024,Alto: 2/2 guias (100%); discordante; dominante: considera/sugiere (4); recomienda=2; considera/sugiere=4; evalua/monitoriza=1,Consenso nuclear completo (2/2),Moderado: 11/19 guias (58%); discordante; dominante: ofrece (11); recomienda=8; ofrece=11; considera/sugiere=8; en contra/no hacer=1; evalua/monitoriza=1,Moderado: 4/6 guias (67%); discordante; 4/6: Canada Psicosocial 2017; RANZCP GRADE 2026; RANZCP 2016; WHO mhGAP 2024,mixed/discordant,high,Alta,Incluir como enunciado nuclear,acuerdo clinico; factibilidad HVLH/EsSalud; prioridad para protocolo; claridad del enunciado,"Usar guias 50-60% y <50% solo como contexto, no como peso equivalente al nucleo >60%."
D14,P05,5,2,Desde fase aguda cuando sea viable y durante estabilizacion,Intervenciones psicosociales tempranas,Psychosocial and recovery interventions,Family intervention and psychoeducation,"El protocolo HVLH debe ofrecer psicoeducacion e intervencion familiar para mejorar comprension, adherencia, prevencion de recaidas y plan de alta.","Ofrecer intervencion familiar y psicoeducacion a familias/cuidadores en contacto cercano, con consentimiento; incluir informacion sobre enfermedad, tratamiento, recaida, apoyo al cuidador y sesiones estructuradas durante varios meses.",2,2,APA 2020; VA/DoD 2024,Alto: 2/2 guias (100%); alineado/escaso; dominante: recomienda (4); recomienda=4; considera/sugiere=4; evalua/monitoriza=1,Consenso nuclear completo (2/2),Moderado: 10/19 guias (53%); alineado/escaso; dominante: ofrece (12); recomienda=7; ofrece=12; considera/sugiere=4; evalua/monitoriza=4,Moderado: 4/6 guias (67%); alineado/escaso; 4/6: Canada Psicosocial 2017; RANZCP GRADE 2026; RANZCP 2016; WHO mhGAP 2024,broad recurrent theme,medium,Alta,Incluir como enunciado nuclear,acuerdo clinico; factibilidad HVLH/EsSalud; prioridad para protocolo; claridad del enunciado,"Usar guias 50-60% y <50% solo como contexto, no como peso equivalente al nucleo >60%."
D15,P05,5,4,Desde fase aguda cuando sea viable y durante estabilizacion,Intervenciones psicosociales tempranas,Psychosocial and recovery interventions,"Social skills, recovery and self-management","El protocolo HVLH debe incorporar entrenamiento de habilidades, recuperacion y automanejo como parte del plan de estabilizacion y continuidad.","Considerar programas manualizados de automanejo, apoyo de pares y recuperacion; incluir informacion sobre medicacion, recaida y metas; el entrenamiento de habilidades sociales no se recomienda de rutina como intervencion aislada en algunas guias.",2,2,APA 2020; VA/DoD 2024,Alto: 2/2 guias (100%); discordante; dominante: considera/sugiere (10); considera/sugiere=10,Consenso nuclear completo (2/2),Bajo: 5/19 guias (26%); discordante; dominante: considera/sugiere (13); recomienda=2; considera/sugiere=13; en contra/no hacer=1; evalua/monitoriza=2,Escaso: 1/6 guias (17%); discordante; 1/6: Canada Psicosocial 2017,mixed/discordant,high,Alta,Incluir como enunciado nuclear,acuerdo clinico; factibilidad HVLH/EsSalud; prioridad para protocolo; claridad del enunciado,"Usar guias 50-60% y <50% solo como contexto, no como peso equivalente al nucleo >60%."
D16,P06,6,2,Evaluacion transversal y ajuste del plan durante toda la estancia,Comorbilidades y poblaciones especiales,Comorbidity and special populations,"Depression, anxiety, PTSD and trauma","El protocolo HVLH debe evaluar y manejar depresion, ansiedad, trauma y PTSD porque modifican riesgo, adherencia, sintomas y plan terapeutico.","Evaluar trauma, depresion, ansiedad, PTSD y sintomas afectivos; tratar comorbilidades segun guias especificas; considerar antidepresivos/SSRI con cautela y solo cuando el balance beneficio-riesgo lo justifique.",1,2,APA 2020,Moderado: 1/2 guias (50%); alineado/escaso; dominante: evalua/monitoriza (1); evalua/monitoriza=1,Consenso nuclear parcial (1/2),Bajo: 9/19 guias (47%); alineado/escaso; dominante: ofrece (4); recomienda=3; ofrece=4; considera/sugiere=3; evalua/monitoriza=3,Moderado: 3/6 guias (50%); alineado/escaso; 3/6: Canada Farmaco 2017; Canada Dx 2017; RANZCP GRADE 2026,broad recurrent theme,medium,Media,Incluir para deliberacion Delphi,acuerdo clinico; factibilidad HVLH/EsSalud; prioridad para protocolo; claridad del enunciado,"Usar guias 50-60% y <50% solo como contexto, no como peso equivalente al nucleo >60%."
D17,P06,6,3,Evaluacion transversal y ajuste del plan durante toda la estancia,Comorbilidades y poblaciones especiales,Comorbidity and special populations,Negative symptoms,"El protocolo HVLH debe identificar sintomas negativos, diferenciarlos de depresion, efectos adversos o sedacion, y orientar intervenciones especificas de rehabilitacion y ajuste terapeutico.","Evaluar sintomas negativos y causas secundarias como depresion, EPS, sedacion o sustancias; considerar intervenciones psicosociales/artisticas y, si se cambia antipsicotico, opciones como agonistas parciales D2 o amisulprida segun contexto.",1,2,VA/DoD 2024,Moderado: 1/2 guias (50%); alineado/escaso; dominante: considera/sugiere (2); considera/sugiere=2,Consenso nuclear parcial (1/2),Escaso: 4/19 guias (21%); alineado/escaso; dominante: considera/sugiere (3); recomienda=1; considera/sugiere=3; evalua/monitoriza=3,Escaso: 1/6 guias (17%); alineado/escaso; 1/6: Canada Dx 2017,mostly aligned or sparse,low,Media,Incluir para deliberacion Delphi,acuerdo clinico; factibilidad HVLH/EsSalud; prioridad para protocolo; claridad del enunciado,"Usar guias 50-60% y <50% solo como contexto, no como peso equivalente al nucleo >60%."
D18,P06,6,4,Evaluacion transversal y ajuste del plan durante toda la estancia,Comorbilidades y poblaciones especiales,Comorbidity and special populations,"Pregnancy, reproductive and perinatal care","El protocolo HVLH debe incluir consideraciones reproductivas, embarazo y periodo perinatal en la eleccion de tratamiento, riesgos, consentimiento y coordinacion con otros servicios.","Discutir anticoncepcion, embarazo, lactancia y riesgos reproductivos con la paciente y apoyo significativo; coordinar atencion perinatal/madre-bebe y monitorizar riesgos de medicacion y recaida.",1,2,APA 2020,Moderado: 1/2 guias (50%); alineado/escaso; dominante: evalua/monitoriza (1); evalua/monitoriza=1,Consenso nuclear parcial (1/2),Escaso: 3/19 guias (16%); alineado/escaso; dominante: recomienda (3); recomienda=3; evalua/monitoriza=3,Escaso: 1/6 guias (17%); alineado/escaso; 1/6: RANZCP 2016,mostly aligned or sparse,low,Media,Incluir para deliberacion Delphi,acuerdo clinico; factibilidad HVLH/EsSalud; prioridad para protocolo; claridad del enunciado,"Usar guias 50-60% y <50% solo como contexto, no como peso equivalente al nucleo >60%."
D19,P07,7,2,Tras ensayo terapeutico adecuado o respuesta parcial/pobre,"No respuesta, resistencia y escalamiento terapeutico",Treatment resistance and biological interventions,Clozapine for treatment-resistant schizophrenia,"El protocolo HVLH debe considerar clozapina ante esquizofrenia resistente tras ensayos adecuados de antipsicoticos no clozapina, verificando adherencia, dosis, duracion y seguridad antes de augmentar.","Ofrecer/considerar clozapina cuando no hay respuesta adecuada a ensayos suficientes de antipsicoticos no clozapina; optimizar dosis, duracion, adherencia y niveles antes de augmentar; considerar escenarios de alto riesgo segun guia.",2,2,APA 2020; VA/DoD 2024,Alto: 2/2 guias (100%); discordante; dominante: considera/sugiere (13); recomienda=11; considera/sugiere=13; evalua/monitoriza=1,Consenso nuclear completo (2/2),Moderado: 12/19 guias (63%); discordante; dominante: considera/sugiere (31); recomienda=17; ofrece=8; considera/sugiere=31; en contra/no hacer=4; evalua/monitoriza=2,Moderado: 4/6 guias (67%); discordante; 4/6: Canada Farmaco 2017; RANZCP GRADE 2026; RANZCP 2016; WHO mhGAP 2024,mixed/discordant,high,Alta,Incluir como enunciado nuclear,acuerdo clinico; factibilidad HVLH/EsSalud; prioridad para protocolo; claridad del enunciado,"Usar guias 50-60% y <50% solo como contexto, no como peso equivalente al nucleo >60%."
D20,P07,7,3,Tras ensayo terapeutico adecuado o respuesta parcial/pobre,"No respuesta, resistencia y escalamiento terapeutico",Treatment resistance and biological interventions,Clozapine safety and monitoring,"El protocolo HVLH debe definir requisitos de seguridad para clozapina, incluyendo hemograma, riesgos metabolicos, cardiovasculares, convulsiones, constipacion, educacion y continuidad de monitoreo.","Usar clozapina bajo supervision especializada con disponibilidad de laboratorios; monitorizar hemograma, niveles plasmaticos, adherencia y efectos adversos; planificar discontinuacion por riesgo de rebote o recaida.",2,2,APA 2020; VA/DoD 2024,Alto: 2/2 guias (100%); alineado/escaso; dominante: considera/sugiere (3); considera/sugiere=3,Consenso nuclear completo (2/2),Bajo: 5/19 guias (26%); alineado/escaso; dominante: ofrece (3); recomienda=1; ofrece=3; considera/sugiere=3; evalua/monitoriza=2,Escaso: 1/6 guias (17%); alineado/escaso; 1/6: WHO mhGAP 2024,mostly aligned or sparse,low,Alta,Incluir como enunciado nuclear,acuerdo clinico; factibilidad HVLH/EsSalud; prioridad para protocolo; claridad del enunciado,"Usar guias 50-60% y <50% solo como contexto, no como peso equivalente al nucleo >60%."
D21,P08,8,1,"Estabilizacion, preparacion de alta y seguimiento ambulatorio",Rehabilitacion funcional y recuperacion,Functional rehabilitation and participation,"Supported employment, education and vocational rehabilitation","El protocolo HVLH debe incluir rehabilitacion vocacional, educativa o laboral como objetivo de recuperacion cuando el estado clinico y la red de soporte lo permitan.","Ofrecer empleo apoyado/IPS a quienes desean trabajar o volver a estudiar/trabajar; considerar apoyo educativo, vocacional o prevocacional si no puede acceder aun a empleo competitivo.",2,2,APA 2020; VA/DoD 2024,Alto: 2/2 guias (100%); discordante; dominante: recomienda (4); recomienda=4; considera/sugiere=3; en contra/no hacer=1,Consenso nuclear completo (2/2),Bajo: 7/19 guias (37%); discordante; dominante: recomienda (10); recomienda=10; ofrece=3; considera/sugiere=3; en contra/no hacer=2; evalua/monitoriza=2,Escaso: 1/6 guias (17%); discordante; 1/6: Canada Psicosocial 2017,mixed/discordant,high,Alta,Incluir como enunciado nuclear,acuerdo clinico; factibilidad HVLH/EsSalud; prioridad para protocolo; claridad del enunciado,"Usar guias 50-60% y <50% solo como contexto, no como peso equivalente al nucleo >60%."
D22,P08,8,2,"Estabilizacion, preparacion de alta y seguimiento ambulatorio",Rehabilitacion funcional y recuperacion,"Service delivery, continuity and implementation","ACT, case management and community service models","El protocolo HVLH debe planificar continuidad post-alta mediante manejo de caso, equipos comunitarios o coordinacion equivalente para pacientes con alto riesgo de recaida o baja adherencia.","Usar ACT, manejo intensivo de casos o atencion comunitaria coordinada cuando hay mala vinculacion, recaidas frecuentes, disrupcion social, falta de vivienda o alta necesidad de continuidad.",2,2,APA 2020; VA/DoD 2024,Alto: 2/2 guias (100%); alineado/escaso; dominante: recomienda (7); recomienda=7; evalua/monitoriza=4,Consenso nuclear completo (2/2),Bajo: 5/19 guias (26%); alineado/escaso; dominante: recomienda (9); recomienda=9; ofrece=1; considera/sugiere=2; evalua/monitoriza=4,Escaso: 1/6 guias (17%); alineado/escaso; 1/6: RANZCP 2016,mostly aligned or sparse,low,Alta,Incluir como enunciado nuclear,acuerdo clinico; factibilidad HVLH/EsSalud; prioridad para protocolo; claridad del enunciado,"Usar guias 50-60% y <50% solo como contexto, no como peso equivalente al nucleo >60%."
D23,P08,8,3,"Estabilizacion, preparacion de alta y seguimiento ambulatorio",Rehabilitacion funcional y recuperacion,Psychosocial and recovery interventions,"Cognitive remediation, metacognitive and social cognition training","El protocolo HVLH debe considerar remediacion cognitiva, intervenciones metacognitivas o cognicion social como componentes de rehabilitacion cuando existan recursos y objetivos funcionales definidos.","Considerar entrenamiento neurocognitivo, metacognitivo o de cognicion social como complemento en deterioro cognitivo, funcional o social, usualmente integrado a rehabilitacion psicosocial.",1,2,APA 2020,Moderado: 1/2 guias (50%); alineado/escaso; dominante: considera/sugiere (4); considera/sugiere=4,Consenso nuclear parcial (1/2),Escaso: 3/19 guias (16%); alineado/escaso; dominante: considera/sugiere (9); considera/sugiere=9,Ausente: 0/6 guias (0%); alineado/escaso; sin recomendaciones; 0/6: ninguna,mostly aligned or sparse,low,Media,Incluir para deliberacion Delphi,acuerdo clinico; factibilidad HVLH/EsSalud; prioridad para protocolo; claridad del enunciado,"Usar guias 50-60% y <50% solo como contexto, no como peso equivalente al nucleo >60%."
D24,P09,9,1,"Pre-alta, alta y transicion a seguimiento comunitario/atencion primaria","Mantenimiento, prevencion de recaidas y alta",Antipsychotic strategy across illness phases,Maintenance treatment and relapse prevention,"El protocolo HVLH debe definir tratamiento de mantenimiento y plan de prevencion de recaidas antes del alta, incluyendo medicacion, senales de alarma, citas, monitoreo y responsabilidades.","Continuar el antipsicotico efectivo tras mejoria, con plan de prevencion de recaidas, revision de beneficios/riesgos y duracion individualizada; evitar suspensiones sin seguimiento.",2,2,APA 2020; VA/DoD 2024,Alto: 2/2 guias (100%); discordante; dominante: recomienda (4); recomienda=4; considera/sugiere=4; en contra/no hacer=1; evalua/monitoriza=2,Consenso nuclear completo (2/2),Bajo: 9/19 guias (47%); discordante; dominante: ofrece (6); recomienda=5; ofrece=6; considera/sugiere=4; en contra/no hacer=1; evalua/monitoriza=4,Moderado: 4/6 guias (67%); discordante; 4/6: Canada Farmaco 2017; Canada Dx 2017; RANZCP GRADE 2026; WHO mhGAP 2024,mixed/discordant,high,Alta,Incluir como enunciado nuclear,acuerdo clinico; factibilidad HVLH/EsSalud; prioridad para protocolo; claridad del enunciado,"Usar guias 50-60% y <50% solo como contexto, no como peso equivalente al nucleo >60%."
D25,P09,9,2,"Pre-alta, alta y transicion a seguimiento comunitario/atencion primaria","Mantenimiento, prevencion de recaidas y alta","Service delivery, continuity and implementation","Primary care transition, discharge and follow-up continuity","El protocolo HVLH debe exigir un plan de alta con continuidad asistencial, seguimiento, coordinacion con atencion ambulatoria/primaria y comunicacion de riesgos pendientes.","Planificar alta, continuidad y opcion de auto-derivacion; comunicar responsabilidades a atencion primaria; usar equipos de crisis/tratamiento domiciliario para evitar ingresos o facilitar alta segura.",1,2,APA 2020,Moderado: 1/2 guias (50%); alineado/escaso; dominante: ofrece (1); ofrece=1,Consenso nuclear parcial (1/2),Bajo: 6/19 guias (32%); alineado/escaso; dominante: considera/sugiere (6); recomienda=1; ofrece=3; considera/sugiere=6,Escaso: 1/6 guias (17%); alineado/escaso; 1/6: RANZCP 2016,mostly aligned or sparse,low,Media,Incluir para deliberacion Delphi,acuerdo clinico; factibilidad HVLH/EsSalud; prioridad para protocolo; claridad del enunciado,"Usar guias 50-60% y <50% solo como contexto, no como peso equivalente al nucleo >60%."
